INSERT INTO students (first_name, last_name, date_of_birth, gender, email, phone_number, address, created_at, updated_at) VALUES
('Jean', 'Dupont', '2001-02-15', 'M', 'jean.dupont@gmail.com', '0123456789', '10 rue de Paris', NOW(), NOW()),
('Marion', 'David', '1999-05-30', 'F', 'marion.david@gmail.com', '0123456790', '20 avenue des Champs', NOW(), NOW()),
('Paul', 'Martin', '2000-09-12', 'M', 'paul.martin@gmail.com', '0123456791', '30 rue Lafayette', NOW(), NOW()),
('Alice', 'Bernard', '1998-11-23', 'F', 'alice.bernard@gmail.com', '0123456792', '15 rue de Lyon', NOW(), NOW()),
('Luc', 'Durand', '2002-07-19', 'M', 'luc.durand@gmail.com', '0123456793', '25 rue de la République', NOW(), NOW()),
('Emma', 'Lefevre', '2001-03-01', 'F', 'emma.lefevre@gmail.com', '0123456794', '35 boulevard Saint-Germain', NOW(), NOW()),
('Louis', 'Garcia', '1997-12-22', 'M', 'louis.garcia@gmail.com', '0123456795', '40 rue du Bac', NOW(), NOW()),
('Sophie', 'Rousseau', '2000-05-10', 'F', 'sophie.rousseau@gmail.com', '0123456796', '50 rue de la Paix', NOW(), NOW()),
('Hugo', 'Moreau', '1999-08-16', 'M', 'hugo.moreau@gmail.com', '0123456797', '60 avenue de la Liberté', NOW(), NOW()),
('Lea', 'Simon', '2003-01-25', 'F', 'lea.simon@gmail.com', '0123456798', '70 rue Saint-Honoré', NOW(), NOW()),
('Victor', 'Michel', '2002-04-18', 'M', 'victor.michel@gmail.com', '0123456799', '80 rue Montmartre', NOW(), NOW()),
('Camille', 'Leroy', '1998-10-05', 'F', 'camille.leroy@gmail.com', '0123456700', '90 rue de Rivoli', NOW(), NOW()),
('Nathan', 'Mercier', '1997-07-30', 'M', 'nathan.mercier@gmail.com', '0123456701', '100 avenue des Ternes', NOW(), NOW()),
('Clara', 'Bonnet', '1999-09-03', 'F', 'clara.bonnet@gmail.com', '0123456702', '110 rue de Belleville', NOW(), NOW()),
('Lucas', 'Francois', '2000-06-09', 'M', 'lucas.francois@gmail.com', '0123456703', '120 boulevard Voltaire', NOW(), NOW()),
('Julie', 'Martinez', '2001-08-27', 'F', 'julie.martinez@gmail.com', '0123456704', '130 rue des Martyrs', NOW(), NOW()),
('Tom', 'Perez', '2002-02-14', 'M', 'tom.perez@gmail.com', '0123456705', '140 rue de Rome', NOW(), NOW()),
('Laura', 'Dupuis', '2003-05-22', 'F', 'laura.dupuis@gmail.com', '0123456706', '150 avenue de l\'Opéra', NOW(), NOW()),
('Maxime', 'Fournier', '1998-11-11', 'M', 'maxime.fournier@gmail.com', '0123456707', '160 rue de la Convention', NOW(), NOW()),
('Sarah', 'Girard', '1999-03-29', 'F', 'sarah.girard@gmail.com', '0123456708', '170 boulevard Haussmann', NOW(), NOW());


INSERT INTO courses (course_name, course_description, credits, department, created_at, updated_at) VALUES
('Mathématiques Avancées', 'Cours de mathématiques de niveau avancé', 5, 'Informatique', NOW(), NOW()),
('Physique', 'Introduction à la physique', 4, 'Sciences', NOW(), NOW()),
('Programmation', 'Cours sur les bases de la programmation', 3, 'Informatique', NOW(), NOW()),
('Chimie', 'Introduction à la chimie générale', 4, 'Sciences', NOW(), NOW()),
('Histoire', 'Histoire du XXe siècle', 3, 'Humanités', NOW(), NOW()),
('Littérature', 'Introduction à la littérature française', 2, 'Humanités', NOW(), NOW()),
('Économie', 'Principes de l\'économie', 4, 'Sciences Sociales', NOW(), NOW()),
('Droit', 'Introduction au droit civil', 3, 'Droit', NOW(), NOW()),
('Géographie', 'Géographie humaine et économique', 3, 'Humanités', NOW(), NOW()),
('Biologie', 'Biologie cellulaire et moléculaire', 4, 'Sciences', NOW(), NOW()),
('Informatique', 'Algorithmique et programmation', 5, 'Informatique', NOW(), NOW()),
('Philosophie', 'Introduction à la philosophie', 3, 'Humanités', NOW(), NOW()),
('Sociologie', 'Sociologie générale', 4, 'Sciences Sociales', NOW(), NOW()),
('Psychologie', 'Psychologie cognitive', 4, 'Sciences Sociales', NOW(), NOW()),
('Génie Civil', 'Introduction au génie civil', 5, 'Ingénierie', NOW(), NOW()),
('Statistiques', 'Introduction aux statistiques', 4, 'Mathématiques', NOW(), NOW()),
('Anglais', 'Anglais pour débutants', 2, 'Langues', NOW(), NOW()),
('Espagnol', 'Espagnol pour débutants', 2, 'Langues', NOW(), NOW()),
('Phonétique', 'Phonétique française', 3, 'Langues', NOW(), NOW()),
('Marketing', 'Principes du marketing', 3, 'Économie', NOW(), NOW());

INSERT INTO enrollments (student_id, course_id, enrollment_date, created_at, updated_at) VALUES
(1, 1, '2023-01-10', NOW(), NOW()),
(2, 2, '2023-01-11', NOW(), NOW()),
(3, 3, '2023-01-12', NOW(), NOW()),
(4, 4, '2023-01-13', NOW(), NOW()),
(5, 5, '2023-01-14', NOW(), NOW()),
(6, 6, '2023-01-15', NOW(), NOW()),
(7, 7, '2023-01-16', NOW(), NOW()),
(8, 8, '2023-01-17', NOW(), NOW()),
(9, 9, '2023-01-18', NOW(), NOW()),
(10, 10, '2023-01-19', NOW(), NOW()),
(11, 11, '2023-01-20', NOW(), NOW()),
(12, 12, '2023-01-21', NOW(), NOW()),
(13, 13, '2023-01-22', NOW(), NOW()),
(14, 14, '2023-01-23', NOW(), NOW()),
(15, 15, '2023-01-24', NOW(), NOW()),
(16, 16, '2023-01-25', NOW(), NOW()),
(17, 17, '2023-01-26', NOW(), NOW()),
(18, 18, '2023-01-27', NOW(), NOW()),
(19, 19, '2023-01-28', NOW(), NOW()),
(20, 20, '2023-01-29', NOW(), NOW());


INSERT INTO results (enrollment_id, grade, exam_date, created_at, updated_at) VALUES
(1, 16.5, '2023-06-15', NOW(), NOW()),
(2, 14.0, '2023-06-16', NOW(), NOW()),
(3, 12.5, '2023-06-17', NOW(), NOW()),
(4, 18.0, '2023-06-18', NOW(), NOW()),
(5, 15.5, '2023-06-19', NOW(), NOW()),
(6, 17.0, '2023-06-20', NOW(), NOW()),
(7, 13.5, '2023-06-21', NOW(), NOW()),
(8, 19.0, '2023-06-22', NOW(), NOW()),
(9, 11.5, '2023-06-23', NOW(), NOW()),
(10, 16.0, '2023-06-24', NOW(), NOW()),
(11, 14.5, '2023-06-25', NOW(), NOW()),
(12, 18.5, '2023-06-26', NOW(), NOW()),
(13, 17.5, '2023-06-27', NOW(), NOW()),
(14, 13.0, '2023-06-28', NOW(), NOW()),
(15, 12.0, '2023-06-29', NOW(), NOW()),
(16, 19.5, '2023-06-30', NOW(), NOW()),
(17, 10.5, '2023-07-01', NOW(), NOW()),
(18, 15.0, '2023-07-02', NOW(), NOW()),
(19, 11.0, '2023-07-03', NOW(), NOW()),
(20, 17.0, '2023-07-04', NOW(), NOW());


